id;name
6a201e96-bdd7-43ce-87fd-ddeb20dc9827;headache lazily
b0b3bfd5-15d3-4df0-95a9-608fc1fcec97;experiences teal Frozen
103ed06b-d6f4-4f57-a456-e6d5e3f6485c;Northwest immense
62d563fc-6509-44bd-987e-136eababc952;psst toward Emilio
e3abf8bf-062f-4056-b514-d499c9321b1e;Jessyca sievert
c8a0e183-8e85-4689-b5f3-c8fe2082475a;Chicken
21027177-5181-4281-90ad-78069d6e1a34;siemens Washington
e841dda5-4333-4e62-a42f-43a764737414;program
d5a31a83-b4df-40c7-b1c0-6af0ad83f6f2;online
d2058403-b7cc-4582-b93b-f1fea113f85e;Generic
